[
    {
        "outputFileName": "wwwroot/js/sitee.min.js",
        "inputFiles": [
            "node_modules/jquery/dist/jquery.min.js",
            "node_modules/jquery-validation/dist/jquery.validate.min.js",
            "node_modules/jquery-validation-unobtrusive/dist/jquery.validate.unobtrusive.min.js",
            "node_modules/jquery-ajax-unobtrusive/dist/jquery.unobtrusive-ajax.min.js",
            "node_modules/bootstrap/dist/js/bootstrap.min.js"
        ],
        "minify": {
            "enabled": true,
            "renameLocals": true
        },
        "sourceMap": false
    }
]